{"init_params": {"cat_dims": [2, 86, 7260, 106, 327, 63, 17, 702, 27, 17, 9, 15, 9, 103, 172, 47, 5337, 103, 478, 4472], "cat_emb_dim": [4, 4, 4, 4, 4, 4, 4, 4, 4, 4, 4, 4, 4, 4, 4, 4, 4, 4, 4, 4], "cat_idxs": [2, 4, 16, 25, 32, 43, 44, 48, 50, 67, 84, 89, 110, 116, 117, 118, 121, 124, 126, 131], "clip_value": 1, "device_name": "cpu", "epsilon": 1e-15, "gamma": 1.5, "grouped_features": [], "input_dim": 143, "lambda_sparse": 0.0001, "mask_type": "sparsemax", "momentum": 0.02, "n_a": 16, "n_d": 16, "n_indep_decoder": 1, "n_independent": 2, "n_shared": 2, "n_shared_decoder": 1, "n_steps": 3, "optimizer_params": {"lr": 0.002}, "output_dim": 1, "scheduler_fn": null, "scheduler_params": {}, "seed": 42, "verbose": 1}, "class_attrs": {"preds_mapper": null}}